Fluxing_Chamber,location,annual_flux,hot_sum_99
10,high,0.03327729233774219,0.002434104787938452
10,low,-0.025557445242840798,0.016987532097630802
20,high,0.0037163602058409087,0.0027824457490511524
20,low,0.05331026331479386,0.016643014767775764
30,high,-0.004495091953767448,0.0020492697015558727
30,low,-0.003842187674583539,0.003633426367425548
40,high,-0.0030132126824059,0.0019061173322918155
40,low,0.09674299058994801,0.017797600684267004
50,high,0.027306131848461677,0.007625914607691105
50,low,0.3267908276446594,0.034570593098813274
60,high,0.03679000355649482,0.00361612809304778
60,low,0.32178726744144204,0.04221218011794667
70,high,0.03984439849541361,0.0032343643269986564
70,low,0.04443927720036999,0.01538868825620527
80,high,0.05008462008799732,0.002552484859944735
80,low,0.05704985370496265,0.016633627627488858
90,high,-0.004524627176091516,0.0031590565976432105
90,low,0.02326683014539033,0.012284118246178737
